text,label
"Your one time password is 482910 for txn of Rs 1450.00. Do not share with anyone.",0
"Your OTP for SBI netbanking login is 918230. Valid for 5 minutes. Never share OTP.",0
"Dear Customer, your HDFC Bank account ending 4891 has been credited with Rs 25000.00.",0
"Power cut scheduled at 10:30 AM tomorrow for routine transformer maintenance.",0
"Your Amazon delivery partner will arrive today with package ref #8492. Share PIN at delivery.",0
"Urgent: Your SBI account is suspended due to pending KYC. Update now at bit.ly/sbi-kyc-alert",1
"Power cut tonight at 9:30 PM due to unpaid electricity bill. Contact officer at 9876543210 or visit bit.ly/bijli-pay",1
"Dear citizen, your PAN card is blocked. Complete Aadhaar link within 24 hrs at tinyurl.com/link-pan-secure",1
"Congratulations! You won Rs 50,000 cash prize in PM Yojana. Approve UPI collect request via upi://pay?pa=pmfunds@upi",1
"Important: Your one time password expired. Click bit.ly/bank-otp-reissue to reactivate your debit card.",1
"Your electricity bill of Rs 420.00 is due on 12-Oct. Pay via official portal or app.",0
"Salary credit of Rs 45000.00 in ICICI bank account ending 2019 on 01-Oct-2026.",0
"Security Alert: Unauthorized login attempt detected from Mumbai. Cancel txn via bit.ly/axis-lock",1
"Your Uber ride OTP is 3921. Share with driver only when entering vehicle.",0
"TRAI notice: Your mobile number will be disconnected in 2 hours. Call helpline 9123456789 immediately.",1
"Hey bro, reaching the campus library in 10 minutes. Bring the laptop charger.",0
"URGENT NOTICE: Income tax refund of Rs 18,450 approved. Claim instantly at 192.168.1.15/tax-refund",1
"Verification code 734912 for Swiggy account recovery. Never disclose this code.",0
"SBI YONO account locked. Submit KYC documents immediately at sbi-verification-portal.xyz/login",1
"Meeting postponed to 4:00 PM in Conference Room B. Please review the updated agenda.",0